ID,generated
TEST_0000,0.047125495970249176
TEST_0001,0.9992102384567261
TEST_0002,0.0006587592652067542
TEST_0003,0.9998455047607422
TEST_0004,0.9998823404312134
TEST_0005,0.9998660087585449
TEST_0006,0.9999736547470093
TEST_0007,0.5754722952842712
TEST_0008,0.9962741136550903
TEST_0009,0.00021666134125553071
TEST_0010,0.00015266188711393625
TEST_0011,0.0011282805353403091
TEST_0012,0.9998088479042053
TEST_0013,0.005214126780629158
TEST_0014,0.00010590778401819989
TEST_0015,0.00019941630307585
TEST_0016,0.00014471038593910635
TEST_0017,0.9997466206550598
TEST_0018,0.999904990196228
TEST_0019,0.11171885579824448
TEST_0020,0.00012354785576462746
TEST_0021,0.001259444747120142
TEST_0022,0.024347977712750435
TEST_0023,0.9997465014457703
TEST_0024,0.00013916923489887267
TEST_0025,0.0012772864429280162
TEST_0026,0.9999475479125977
TEST_0027,0.9999637603759766
TEST_0028,0.00018945347983390093
TEST_0029,0.0005238892626948655
TEST_0030,3.545772051438689e-05
TEST_0031,0.999826967716217
TEST_0032,0.9998761415481567
TEST_0033,0.00013744609896093607
TEST_0034,0.00015339819947257638
TEST_0035,0.017469890415668488
TEST_0036,0.00035417272010818124
TEST_0037,0.0003463021421339363
TEST_0038,0.9999873638153076
TEST_0039,0.9999216794967651
TEST_0040,0.9994078874588013
TEST_0041,0.999569833278656
TEST_0042,0.9999183416366577
TEST_0043,0.9999415874481201
TEST_0044,0.0016206803265959024
TEST_0045,0.00010928117262665182
TEST_0046,0.9999276399612427
TEST_0047,0.9999169111251831
TEST_0048,0.01015425194054842
TEST_0049,0.9999951124191284
TEST_0050,0.97440105676651
TEST_0051,0.9999960660934448
TEST_0052,0.02319958433508873
TEST_0053,0.9999977350234985
TEST_0054,0.00025446072686463594
TEST_0055,0.11246640235185623
TEST_0056,0.9999771118164062
TEST_0057,0.9999741315841675
TEST_0058,0.004544838331639767
TEST_0059,7.713772356510162e-05
TEST_0060,0.002685574349015951
TEST_0061,0.07039858400821686
TEST_0062,0.9992024302482605
TEST_0063,0.00010891352576436475
TEST_0064,7.875597657402977e-05
TEST_0065,0.9996769428253174
TEST_0066,0.035829104483127594
TEST_0067,4.667292523663491e-05
TEST_0068,0.013409065082669258
TEST_0069,0.00018524359620641917
TEST_0070,0.00015019287820905447
TEST_0071,0.005514658521860838
TEST_0072,9.771829354576766e-05
TEST_0073,0.9994427561759949
TEST_0074,8.235536370193586e-05
TEST_0075,0.0027345430571585894
TEST_0076,0.000605926790740341
TEST_0077,0.00014064523566048592
TEST_0078,0.0009477251442149282
TEST_0079,0.9998818635940552
TEST_0080,0.0005563963786698878
TEST_0081,8.555029489798471e-05
TEST_0082,0.999970555305481
TEST_0083,0.00013545567344408482
TEST_0084,0.00010233575449092314
TEST_0085,0.6218348145484924
TEST_0086,4.872573117609136e-05
TEST_0087,0.6313109993934631
TEST_0088,0.999972939491272
TEST_0089,0.9999631643295288
TEST_0090,0.999970555305481
TEST_0091,0.9622055292129517
TEST_0092,0.003812515875324607
TEST_0093,0.0022853068076074123
TEST_0094,0.08538606017827988
TEST_0095,0.00017284344357904047
TEST_0096,0.6601701378822327
TEST_0097,5.132226215209812e-05
TEST_0098,0.00016566162230446935
TEST_0099,0.999909520149231
TEST_0100,0.9997546076774597
TEST_0101,5.1603521569631994e-05
TEST_0102,7.891000859672204e-05
TEST_0103,4.458509647520259e-05
TEST_0104,0.10643584281206131
TEST_0105,0.016810288652777672
TEST_0106,0.001281770528294146
TEST_0107,0.9999231100082397
TEST_0108,0.0075250044465065
TEST_0109,0.014314682222902775
TEST_0110,0.0007224201108328998
TEST_0111,0.00014282570919021964
TEST_0112,0.00025519492919556797
TEST_0113,0.997500479221344
TEST_0114,0.9992159605026245
TEST_0115,0.0003068951773457229
TEST_0116,0.9994188547134399
TEST_0117,8.242026524385437e-05
TEST_0118,0.9900339245796204
TEST_0119,8.442953549092636e-05
TEST_0120,0.000652661663480103
TEST_0121,3.154931982862763e-05
TEST_0122,0.9945104122161865
TEST_0123,0.010876919142901897
TEST_0124,4.6157449105521664e-05
TEST_0125,0.999967098236084
TEST_0126,8.55161197250709e-05
TEST_0127,4.395597716211341e-05
TEST_0128,0.00010672919597709551
TEST_0129,0.9999884366989136
TEST_0130,6.21415747446008e-05
TEST_0131,0.9999150037765503
TEST_0132,7.773578545311466e-05
TEST_0133,0.00040599811472930014
TEST_0134,0.0011110806372016668
TEST_0135,0.02718367613852024
TEST_0136,4.882257053395733e-05
TEST_0137,0.00011968437320319936
TEST_0138,0.9909890294075012
TEST_0139,3.439220745349303e-05
TEST_0140,4.208989776088856e-05
TEST_0141,0.00023522258561570197
TEST_0142,0.0859098881483078
TEST_0143,4.36697737313807e-05
TEST_0144,6.957614823477343e-05
TEST_0145,0.9956905245780945
TEST_0146,0.007216149475425482
TEST_0147,0.9374397993087769
TEST_0148,0.00012548963422887027
TEST_0149,0.9999316930770874
TEST_0150,0.9999908208847046
TEST_0151,0.970317006111145
TEST_0152,0.0645499899983406
TEST_0153,0.9997828602790833
TEST_0154,0.06476716697216034
TEST_0155,0.9999443292617798
TEST_0156,0.014347081072628498
TEST_0157,0.9998986721038818
TEST_0158,0.34419330954551697
TEST_0159,0.0014495874056592584
TEST_0160,0.0009224122040905058
TEST_0161,0.00014258146984502673
TEST_0162,4.9805788876255974e-05
TEST_0163,4.3704141717171296e-05
TEST_0164,2.8393382308422588e-05
TEST_0165,3.3706481190165505e-05
TEST_0166,0.9998793601989746
TEST_0167,5.1792292651953176e-05
TEST_0168,4.299604188418016e-05
TEST_0169,0.05092427134513855
TEST_0170,0.9918165802955627
TEST_0171,0.9004383683204651
TEST_0172,0.9999973773956299
TEST_0173,9.49876121012494e-05
TEST_0174,0.9999909400939941
TEST_0175,0.1467696875333786
TEST_0176,2.2135460312711075e-05
TEST_0177,3.880704389302991e-05
TEST_0178,3.628251943155192e-05
TEST_0179,0.0001295227266382426
TEST_0180,0.9998062252998352
TEST_0181,0.999481737613678
TEST_0182,0.9556032419204712
TEST_0183,0.9999606609344482
TEST_0184,0.9994933605194092
TEST_0185,0.9911543130874634
TEST_0186,0.5730453133583069
TEST_0187,0.008303867653012276
TEST_0188,0.9977509379386902
TEST_0189,9.020810102811083e-05
TEST_0190,0.9982205033302307
TEST_0191,0.00016775938274804503
TEST_0192,0.9999350309371948
TEST_0193,9.50951871345751e-05
TEST_0194,7.265688327606767e-05
TEST_0195,0.9972872734069824
TEST_0196,2.5513418222544715e-05
TEST_0197,0.9995748400688171
TEST_0198,0.9998915195465088
TEST_0199,0.9999817609786987
TEST_0200,4.229582555126399e-05
TEST_0201,0.9999158382415771
TEST_0202,0.015183000825345516
TEST_0203,5.6147418945329264e-05
TEST_0204,0.9990487694740295
TEST_0205,0.00032732734689489007
TEST_0206,0.9998981952667236
TEST_0207,7.530835864599794e-05
TEST_0208,0.00010840230970643461
TEST_0209,0.9997836947441101
TEST_0210,3.1900053727440536e-05
TEST_0211,0.00010840230970643461
TEST_0212,0.9997069239616394
TEST_0213,0.9999724626541138
TEST_0214,0.00021514050604309887
TEST_0215,0.9998518228530884
TEST_0216,0.0020415480248630047
TEST_0217,0.0715380311012268
TEST_0218,7.205267320387065e-05
TEST_0219,0.9997145533561707
TEST_0220,0.583567202091217
TEST_0221,0.9999761581420898
TEST_0222,0.9919359683990479
TEST_0223,0.0006163514917716384
TEST_0224,0.9998779296875
TEST_0225,7.285726314876229e-05
TEST_0226,9.828525799093768e-05
TEST_0227,0.0002337492915103212
TEST_0228,0.997650682926178
TEST_0229,4.9217251216759905e-05
TEST_0230,0.000144916120916605
TEST_0231,0.9908602237701416
TEST_0232,0.9999605417251587
TEST_0233,0.9958803653717041
TEST_0234,7.31035543140024e-05
TEST_0235,6.453925743699074e-05
TEST_0236,0.9991828799247742
TEST_0237,7.680214912397787e-05
TEST_0238,9.542474435875192e-05
TEST_0239,6.43660532659851e-05
TEST_0240,0.9997377991676331
TEST_0241,6.353903154376894e-05
TEST_0242,5.8931796957040206e-05
TEST_0243,0.0001613146159797907
TEST_0244,0.0001525553670944646
TEST_0245,3.218441634089686e-05
TEST_0246,0.9989386200904846
TEST_0247,0.9999537467956543
TEST_0248,0.9999873638153076
TEST_0249,7.289741915883496e-05
TEST_0250,0.9999055862426758
TEST_0251,0.9990453124046326
TEST_0252,8.645239722682163e-05
TEST_0253,7.551094313384965e-05
TEST_0254,0.05301164090633392
TEST_0255,0.9992488026618958
TEST_0256,0.9150123596191406
TEST_0257,0.9999560117721558
TEST_0258,0.0004947741399519145
TEST_0259,0.0010382679756730795
TEST_0260,0.9997138381004333
TEST_0261,5.0570877647260204e-05
TEST_0262,0.003553343005478382
TEST_0263,0.9999570846557617
TEST_0264,0.7725014090538025
TEST_0265,0.9999008178710938
TEST_0266,0.9997667670249939
TEST_0267,2.8776163162547164e-05
TEST_0268,0.9981879591941833
TEST_0269,7.014850416453555e-05
TEST_0270,0.9998363256454468
TEST_0271,0.0016688751056790352
TEST_0272,4.570999590214342e-05
TEST_0273,9.154382860288024e-05
TEST_0274,0.9999504089355469
TEST_0275,0.10906105488538742
TEST_0276,0.00010782024037325755
TEST_0277,0.001446179230697453
TEST_0278,0.0005641262978315353
TEST_0279,0.9999135732650757
TEST_0280,0.03168739378452301
TEST_0281,8.0769372289069e-05
TEST_0282,2.740580566751305e-05
TEST_0283,5.150956712896004e-05
TEST_0284,6.420347199309617e-05
TEST_0285,0.001991923665627837
TEST_0286,0.9999971389770508
TEST_0287,0.07718802243471146
TEST_0288,0.9999955892562866
TEST_0289,0.9999972581863403
TEST_0290,0.9999459981918335
TEST_0291,0.0026267836801707745
TEST_0292,0.9999961853027344
TEST_0293,0.0010989363072440028
TEST_0294,0.0014824874233454466
TEST_0295,3.814324372797273e-05
TEST_0296,0.07738331705331802
TEST_0297,0.0001399751054123044
TEST_0298,0.9998862743377686
TEST_0299,0.99998939037323
TEST_0300,0.9999868869781494
TEST_0301,0.9999929666519165
TEST_0302,0.9999575614929199
TEST_0303,0.999858021736145
TEST_0304,0.0015878629637882113
TEST_0305,0.0060078599490225315
TEST_0306,0.0009060860029421747
TEST_0307,0.9996165037155151
TEST_0308,0.05087096616625786
TEST_0309,0.05236812308430672
TEST_0310,0.9966655373573303
TEST_0311,0.999994158744812
TEST_0312,0.03268876299262047
TEST_0313,0.9999932050704956
TEST_0314,0.9998390674591064
TEST_0315,0.9998465776443481
TEST_0316,0.00032330051180906594
TEST_0317,0.999961256980896
TEST_0318,0.9998853206634521
TEST_0319,0.00026461025117896497
TEST_0320,0.00016370524826925248
TEST_0321,0.9999932050704956
TEST_0322,0.998986542224884
TEST_0323,0.0012367794988676906
TEST_0324,0.9999853372573853
TEST_0325,0.00014040834503248334
TEST_0326,0.0003508720255922526
TEST_0327,0.9999712705612183
TEST_0328,0.9995260238647461
TEST_0329,0.9991627931594849
TEST_0330,0.9997805953025818
TEST_0331,9.576157026458532e-05
TEST_0332,0.0001882752258097753
TEST_0333,0.9999853372573853
TEST_0334,0.9994425177574158
TEST_0335,0.00029318887391127646
TEST_0336,0.9999748468399048
TEST_0337,0.002121324185281992
TEST_0338,0.0001274699461646378
TEST_0339,0.8398836851119995
TEST_0340,0.999972939491272
TEST_0341,0.9999860525131226
TEST_0342,0.9999712705612183
TEST_0343,0.9999364614486694
TEST_0344,0.079914890229702
TEST_0345,0.9999982118606567
TEST_0346,0.9999823570251465
TEST_0347,0.10171172022819519
TEST_0348,0.07584960013628006
TEST_0349,0.9999959468841553
TEST_0350,0.9999978542327881
TEST_0351,0.999997615814209
TEST_0352,0.9999823570251465
TEST_0353,0.13026942312717438
TEST_0354,0.9903637766838074
TEST_0355,0.010489669628441334
TEST_0356,0.9999262094497681
TEST_0357,0.0004943776875734329
TEST_0358,0.035319749265909195
TEST_0359,0.9930068254470825
TEST_0360,0.9998270869255066
TEST_0361,0.9995136260986328
TEST_0362,0.0011028689332306385
TEST_0363,0.9991200566291809
TEST_0364,0.013708044774830341
TEST_0365,0.19628503918647766
TEST_0366,0.9997556805610657
TEST_0367,0.003801060374826193
TEST_0368,0.9652267694473267
TEST_0369,0.001189099857583642
TEST_0370,0.9971802234649658
TEST_0371,0.002002721419557929
TEST_0372,0.0017013298347592354
TEST_0373,0.004131224937736988
TEST_0374,0.0012512470129877329
TEST_0375,0.004376288503408432
TEST_0376,0.999894380569458
TEST_0377,0.9998692274093628
TEST_0378,0.999946117401123
TEST_0379,0.9987146854400635
TEST_0380,0.9999480247497559
TEST_0381,0.9999507665634155
TEST_0382,0.9999544620513916
TEST_0383,0.9920374155044556
TEST_0384,0.9911031723022461
TEST_0385,0.9948116540908813
TEST_0386,0.0015717661008238792
TEST_0387,0.0076327552087605
TEST_0388,0.0002831049496307969
TEST_0389,0.9996211528778076
TEST_0390,0.0005519809783436358
TEST_0391,0.9999321699142456
TEST_0392,0.002255044411867857
TEST_0393,6.483411561930552e-05
TEST_0394,0.9999573230743408
TEST_0395,0.9999951124191284
TEST_0396,0.9999297857284546
TEST_0397,0.9999178647994995
TEST_0398,0.6091116070747375
TEST_0399,0.02427532896399498
TEST_0400,0.9997575879096985
TEST_0401,0.9746953248977661
TEST_0402,0.9961181879043579
TEST_0403,0.9997749924659729
TEST_0404,0.9999964237213135
TEST_0405,0.9998421669006348
TEST_0406,0.9941434264183044
TEST_0407,0.9989123344421387
TEST_0408,0.9988839030265808
TEST_0409,0.005615231581032276
TEST_0410,0.9998441934585571
TEST_0411,0.9997678399085999
TEST_0412,0.9996905326843262
TEST_0413,0.0005028838058933616
TEST_0414,0.0012402571737766266
TEST_0415,0.9894073605537415
TEST_0416,0.001974083250388503
TEST_0417,0.9999003410339355
TEST_0418,0.9999288320541382
TEST_0419,0.0007337794522754848
TEST_0420,0.9999228715896606
TEST_0421,0.9998047947883606
TEST_0422,0.9999630451202393
TEST_0423,0.9999332427978516
TEST_0424,0.0007928964332677424
TEST_0425,0.9999202489852905
TEST_0426,0.023897068575024605
TEST_0427,0.9995686411857605
TEST_0428,0.023012440651655197
TEST_0429,0.9998950958251953
TEST_0430,0.999943733215332
TEST_0431,0.9999637603759766
TEST_0432,0.0452396422624588
TEST_0433,0.999984622001648
TEST_0434,0.015992188826203346
TEST_0435,0.9999438524246216
TEST_0436,0.9999916553497314
TEST_0437,0.9999955892562866
TEST_0438,0.971470057964325
TEST_0439,0.9999575614929199
TEST_0440,0.9999969005584717
TEST_0441,0.0035113834310323
TEST_0442,0.9992507100105286
TEST_0443,0.9999252557754517
TEST_0444,0.9999774694442749
TEST_0445,0.998054027557373
TEST_0446,0.9997572302818298
TEST_0447,0.9999033212661743
TEST_0448,0.999997615814209
TEST_0449,0.05333578959107399
TEST_0450,0.995923638343811
TEST_0451,0.15232644975185394
TEST_0452,0.996709942817688
TEST_0453,0.999496340751648
TEST_0454,0.9999936819076538
TEST_0455,0.9999239444732666
TEST_0456,7.313820242416114e-05
TEST_0457,0.999961256980896
TEST_0458,0.017306013032794
TEST_0459,0.0010382137261331081
TEST_0460,0.004521599505096674
TEST_0461,0.019200071692466736
TEST_0462,0.9934551119804382
TEST_0463,0.1460753083229065
TEST_0464,0.00811796449124813
TEST_0465,0.0006721359677612782
TEST_0466,0.009999475441873074
TEST_0467,0.10537035018205643
TEST_0468,0.999920129776001
TEST_0469,0.001997301820665598
TEST_0470,0.9978735446929932
TEST_0471,0.002931159920990467
TEST_0472,0.9633960127830505
TEST_0473,0.4567544758319855
TEST_0474,0.9973517656326294
TEST_0475,8.684860222274438e-05
TEST_0476,0.00016955600585788488
TEST_0477,0.04804929345846176
TEST_0478,0.999723494052887
TEST_0479,0.9999731779098511
TEST_0480,0.00029528915183618665
TEST_0481,0.00045279276673682034
TEST_0482,0.05022655799984932
TEST_0483,0.0018010272178798914
TEST_0484,0.9982536435127258
TEST_0485,0.9998496770858765
TEST_0486,0.9999178647994995
TEST_0487,0.0003806565364357084
TEST_0488,0.9995061159133911
TEST_0489,0.9864792227745056
TEST_0490,0.02090691775083542
TEST_0491,0.006065763998776674
TEST_0492,0.9990621209144592
TEST_0493,0.999405026435852
TEST_0494,0.004698419477790594
TEST_0495,0.9998972415924072
TEST_0496,0.999953031539917
TEST_0497,0.0008328667609021068
TEST_0498,0.0018439252162352204
TEST_0499,0.0019792430102825165
TEST_0500,0.002327574184164405
TEST_0501,0.9999834299087524
TEST_0502,0.0002800026850309223
TEST_0503,0.9999775886535645
TEST_0504,0.9941503405570984
TEST_0505,0.9990172386169434
TEST_0506,0.0026446268893778324
TEST_0507,0.021363278850913048
TEST_0508,0.00021563010523095727
TEST_0509,0.9999158382415771
TEST_0510,0.9977126121520996
TEST_0511,0.9999204874038696
TEST_0512,0.9989857077598572
TEST_0513,0.04789663106203079
TEST_0514,0.17645150423049927
TEST_0515,0.9994298815727234
TEST_0516,0.00028984236996620893
TEST_0517,0.9997114539146423
TEST_0518,0.998177170753479
TEST_0519,0.0007178936502896249
TEST_0520,0.017507415264844894
TEST_0521,0.023868311196565628
TEST_0522,0.9997863173484802
TEST_0523,0.0005208465154282749
TEST_0524,0.9999234676361084
TEST_0525,0.007924210280179977
TEST_0526,0.9991162419319153
TEST_0527,0.9996304512023926
TEST_0528,0.0019289192277938128
TEST_0529,0.0009824407752603292
TEST_0530,0.001042432151734829
TEST_0531,0.9980058073997498
TEST_0532,0.9934335947036743
TEST_0533,0.38408416509628296
TEST_0534,0.9999480247497559
TEST_0535,0.018517086282372475
TEST_0536,0.0010080529609695077
TEST_0537,0.025270283222198486
TEST_0538,0.0013623713748529553
TEST_0539,0.0002276494342368096
TEST_0540,0.998744010925293
TEST_0541,0.9985612034797668
TEST_0542,0.0006477324641309679
TEST_0543,0.012898155488073826
TEST_0544,0.0003051623934879899
TEST_0545,0.9994638562202454
TEST_0546,0.9987034797668457
TEST_0547,0.0012702981475740671
TEST_0548,0.9999649524688721
TEST_0549,0.00014243782788980752
TEST_0550,0.024517420679330826
TEST_0551,0.9999572038650513
TEST_0552,0.0004384355852380395
TEST_0553,0.008529643528163433
TEST_0554,0.0005761417560279369
TEST_0555,0.6137530207633972
TEST_0556,9.451866208110005e-05
TEST_0557,0.0027626927476376295
TEST_0558,4.917797923553735e-05
TEST_0559,0.0005671537946909666
TEST_0560,0.19471609592437744
TEST_0561,0.9999585151672363
TEST_0562,0.9999278783798218
TEST_0563,0.9999117851257324
TEST_0564,0.007206685841083527
TEST_0565,0.9998282194137573
TEST_0566,0.42715024948120117
TEST_0567,0.9962990880012512
TEST_0568,0.9998495578765869
TEST_0569,0.023364897817373276
TEST_0570,0.9997338652610779
TEST_0571,0.9990703463554382
TEST_0572,0.9999878406524658
TEST_0573,0.9966748952865601
TEST_0574,0.0002823369868565351
TEST_0575,0.0020534181967377663
TEST_0576,0.9999911785125732
TEST_0577,0.9999686479568481
TEST_0578,0.9995846152305603
TEST_0579,0.031021591275930405
TEST_0580,0.9999921321868896
TEST_0581,0.015686383470892906
TEST_0582,0.9681057333946228
TEST_0583,0.9999829530715942
TEST_0584,0.0007792770047672093
TEST_0585,0.9955369234085083
TEST_0586,0.0009943912737071514
TEST_0587,0.023185357451438904
TEST_0588,0.9999053478240967
TEST_0589,0.9978408813476562
TEST_0590,0.9998828172683716
TEST_0591,0.998703122138977
TEST_0592,0.9998421669006348
TEST_0593,0.9999691247940063
TEST_0594,0.00106909463647753
TEST_0595,0.9999459981918335
TEST_0596,0.0026050738524645567
TEST_0597,9.084830526262522e-05
TEST_0598,0.00027474923990666866
TEST_0599,0.0032150642946362495
TEST_0600,0.9943547248840332
TEST_0601,0.0032138803508132696
TEST_0602,0.010147927328944206
TEST_0603,0.012069007381796837
TEST_0604,0.0071547492407262325
TEST_0605,0.999962568283081
TEST_0606,0.00018560975149739534
TEST_0607,0.00287036644294858
TEST_0608,0.9997642636299133
TEST_0609,0.0006345129804685712
TEST_0610,0.0416000559926033
TEST_0611,0.999880313873291
TEST_0612,0.005070073995739222
TEST_0613,0.0016231415793299675
TEST_0614,0.0007998233195394278
TEST_0615,7.423484930768609e-05
TEST_0616,0.00019962822261732072
TEST_0617,0.9997418522834778
TEST_0618,0.9977630376815796
TEST_0619,0.9999605417251587
TEST_0620,0.008747893385589123
TEST_0621,0.08320659399032593
TEST_0622,0.012558485381305218
TEST_0623,0.00024991235113702714
TEST_0624,0.0037228334695100784
TEST_0625,0.008409939706325531
TEST_0626,0.0019968573469668627
TEST_0627,0.9998764991760254
TEST_0628,0.0005832351162098348
TEST_0629,0.9958611130714417
TEST_0630,0.00040382688166573644
TEST_0631,0.0012898066779598594
TEST_0632,0.9934148788452148
TEST_0633,0.010604375042021275
TEST_0634,0.9960518479347229
TEST_0635,7.7142431109678e-05
TEST_0636,0.0001626949815545231
TEST_0637,0.6223128437995911
TEST_0638,0.0009348886087536812
TEST_0639,7.813583215465769e-05
TEST_0640,0.0005706786760129035
TEST_0641,0.0004038588667754084
TEST_0642,0.9952893257141113
TEST_0643,0.12202297896146774
TEST_0644,0.985959529876709
TEST_0645,0.9999058246612549
TEST_0646,0.0074892593547701836
TEST_0647,0.0015788181917741895
TEST_0648,0.9991969466209412
TEST_0649,0.999115526676178
TEST_0650,0.020547254011034966
TEST_0651,0.0006628730916418135
TEST_0652,0.5401576161384583
TEST_0653,0.06382900476455688
TEST_0654,9.681952360551804e-05
TEST_0655,0.9523764252662659
TEST_0656,0.006388205569237471
TEST_0657,0.00012605340452864766
TEST_0658,0.06782347708940506
TEST_0659,0.00034709027386270463
TEST_0660,0.007729570847004652
TEST_0661,0.0030868970789015293
TEST_0662,0.9996174573898315
TEST_0663,0.999971866607666
TEST_0664,0.9990236759185791
TEST_0665,0.05038201063871384
TEST_0666,0.6295742988586426
TEST_0667,0.04291226342320442
TEST_0668,0.9999455213546753
TEST_0669,0.006299109198153019
TEST_0670,0.9990556836128235
TEST_0671,0.9998834133148193
TEST_0672,0.9999673366546631
TEST_0673,0.022732241079211235
TEST_0674,0.009536869823932648
TEST_0675,0.999966025352478
TEST_0676,0.01704554073512554
TEST_0677,0.9998573064804077
TEST_0678,0.0005962662980891764
TEST_0679,0.978456974029541
TEST_0680,0.9953230023384094
TEST_0681,0.9999524354934692
TEST_0682,0.9999790191650391
TEST_0683,0.9992408752441406
TEST_0684,0.9286133050918579
TEST_0685,0.059174712747335434
TEST_0686,0.9997629523277283
TEST_0687,0.9993064403533936
TEST_0688,0.9986959099769592
TEST_0689,0.7672547698020935
TEST_0690,0.12151376157999039
TEST_0691,0.005452836863696575
TEST_0692,0.9999085664749146
TEST_0693,0.002219191286712885
TEST_0694,0.0018046913901343942
TEST_0695,0.9987805485725403
TEST_0696,0.008541378192603588
TEST_0697,0.5959921479225159
TEST_0698,0.016456447541713715
TEST_0699,0.005160164088010788
TEST_0700,0.9999154806137085
TEST_0701,0.9974391460418701
TEST_0702,0.003954937681555748
TEST_0703,0.050039250403642654
TEST_0704,0.04174540936946869
TEST_0705,0.9999624490737915
TEST_0706,0.015530198812484741
TEST_0707,0.9999830722808838
TEST_0708,0.9965194463729858
TEST_0709,0.9999648332595825
TEST_0710,0.9999630451202393
TEST_0711,0.9998425245285034
TEST_0712,0.999964714050293
TEST_0713,0.9998021721839905
TEST_0714,0.00013370018859859556
TEST_0715,0.002171661239117384
TEST_0716,0.0036402386613190174
TEST_0717,0.0004880873893853277
TEST_0718,0.9997057318687439
TEST_0719,0.9921578168869019
TEST_0720,0.9999314546585083
TEST_0721,0.0582885704934597
TEST_0722,0.9997791647911072
TEST_0723,0.9998455047607422
TEST_0724,0.9999749660491943
TEST_0725,0.9999767541885376
TEST_0726,0.0010463264770805836
TEST_0727,0.9999295473098755
TEST_0728,0.0011461506364867091
TEST_0729,0.009442424401640892
TEST_0730,0.00069180823629722
TEST_0731,0.008420594967901707
TEST_0732,0.9999831914901733
TEST_0733,0.9999547004699707
TEST_0734,0.011741901747882366
TEST_0735,0.9999639987945557
TEST_0736,0.0011821036459878087
TEST_0737,0.020857740193605423
TEST_0738,0.9999500513076782
TEST_0739,0.9999794960021973
TEST_0740,0.9999423027038574
TEST_0741,0.00026954879285767674
TEST_0742,0.9999357461929321
TEST_0743,0.9999319314956665
TEST_0744,0.03922649845480919
TEST_0745,0.029759397730231285
TEST_0746,0.0002625137276481837
TEST_0747,0.9994195699691772
TEST_0748,0.9999794960021973
TEST_0749,0.9997029900550842
TEST_0750,0.06181702762842178
TEST_0751,0.0008950184565037489
TEST_0752,0.9969350099563599
TEST_0753,0.9999594688415527
TEST_0754,0.9999752044677734
TEST_0755,0.002280816435813904
TEST_0756,0.000230416189879179
TEST_0757,0.999864935874939
TEST_0758,0.9999784231185913
TEST_0759,0.002436778973788023
TEST_0760,0.5398048758506775
TEST_0761,0.010294250212609768
TEST_0762,0.9535781741142273
TEST_0763,0.9665528535842896
TEST_0764,0.9998082518577576
TEST_0765,0.006663251202553511
TEST_0766,0.09382036328315735
TEST_0767,0.025486357510089874
TEST_0768,0.047904305160045624
TEST_0769,0.01780715025961399
TEST_0770,0.07453051209449768
TEST_0771,0.0073849596083164215
TEST_0772,0.9997937083244324
TEST_0773,0.10681167989969254
TEST_0774,0.9957002401351929
TEST_0775,0.9999748468399048
TEST_0776,0.0001137900908361189
TEST_0777,0.0005755415768362582
TEST_0778,0.00039345104596577585
TEST_0779,0.00019051847630180418
TEST_0780,0.0017102357232943177
TEST_0781,0.9999065399169922
TEST_0782,0.00014299139729700983
TEST_0783,0.006995025556534529
TEST_0784,0.9970576763153076
TEST_0785,0.04583342373371124
TEST_0786,0.0030587660148739815
TEST_0787,0.009402947500348091
TEST_0788,0.00045999011490494013
TEST_0789,0.0002916818775702268
TEST_0790,0.0005955705419182777
TEST_0791,0.999953031539917
TEST_0792,0.0004730717628262937
TEST_0793,0.0011408900609239936
TEST_0794,0.00015213905135169625
TEST_0795,0.025121835991740227
TEST_0796,0.9998247027397156
TEST_0797,0.004745758604258299
TEST_0798,0.02889459952712059
TEST_0799,0.9988504648208618
TEST_0800,0.8556872010231018
TEST_0801,0.02101723477244377
TEST_0802,0.9998049139976501
TEST_0803,0.9999501705169678
TEST_0804,0.9964765906333923
TEST_0805,0.0034763505682349205
TEST_0806,0.004121080972254276
TEST_0807,0.0014432829339057207
TEST_0808,0.0023781757336109877
TEST_0809,0.9999712705612183
TEST_0810,0.9997830986976624
TEST_0811,0.9925485253334045
TEST_0812,0.9999397993087769
TEST_0813,0.025840945541858673
TEST_0814,0.09646251797676086
TEST_0815,0.0032631768845021725
TEST_0816,0.06394622474908829
TEST_0817,0.9985309839248657
TEST_0818,0.8038610816001892
TEST_0819,0.9999109506607056
TEST_0820,0.9994279742240906
TEST_0821,0.9997603297233582
TEST_0822,0.9997538924217224
TEST_0823,0.9957486987113953
TEST_0824,0.9942808151245117
TEST_0825,0.005384675692766905
TEST_0826,0.9999276399612427
TEST_0827,0.005115199834108353
TEST_0828,0.002540748566389084
TEST_0829,0.02718551829457283
TEST_0830,0.005849040113389492
TEST_0831,0.02788948081433773
TEST_0832,0.999453604221344
TEST_0833,0.9999299049377441
TEST_0834,0.9976640939712524
TEST_0835,0.9991173148155212
TEST_0836,0.9999825954437256
TEST_0837,0.9997044205665588
TEST_0838,0.9999082088470459
TEST_0839,0.042249973863363266
TEST_0840,0.012199836783111095
TEST_0841,0.004263958428055048
TEST_0842,0.999935507774353
TEST_0843,0.9997817873954773
TEST_0844,0.9996812343597412
TEST_0845,0.0009092586697079241
TEST_0846,0.00020925665739923716
TEST_0847,0.0002943070721812546
TEST_0848,0.0011926890583708882
TEST_0849,0.9999316930770874
TEST_0850,0.9999784231185913
TEST_0851,0.10743221640586853
TEST_0852,0.999982476234436
TEST_0853,0.008438038639724255
TEST_0854,0.9999589920043945
TEST_0855,0.0009264236432500184
TEST_0856,0.002171990694478154
TEST_0857,0.016132090240716934
TEST_0858,0.9958716034889221
TEST_0859,0.9999774694442749
TEST_0860,0.9999732971191406
TEST_0861,0.0010616786312311888
TEST_0862,0.0003407092299312353
TEST_0863,0.9998738765716553
TEST_0864,0.0002923790889326483
TEST_0865,0.9999030828475952
TEST_0866,0.0037640368100255728
TEST_0867,0.9998804330825806
TEST_0868,0.9674056768417358
TEST_0869,0.9985028505325317
TEST_0870,0.9999279975891113
TEST_0871,0.9999343156814575
TEST_0872,0.9975714087486267
TEST_0873,0.0001664369774516672
TEST_0874,0.000109899825474713
TEST_0875,0.9994989633560181
TEST_0876,0.024704813957214355
TEST_0877,0.9999704360961914
TEST_0878,0.9999645948410034
TEST_0879,0.9999886751174927
TEST_0880,0.9999208450317383
TEST_0881,0.9978148937225342
TEST_0882,0.9999750852584839
TEST_0883,0.029168730601668358
TEST_0884,0.9998094439506531
TEST_0885,0.04097644239664078
TEST_0886,0.9999505281448364
TEST_0887,0.01693585142493248
TEST_0888,0.9999722242355347
TEST_0889,0.9999725818634033
TEST_0890,0.037700194865465164
TEST_0891,0.9998741149902344
TEST_0892,0.9999529123306274
TEST_0893,0.9999219179153442
TEST_0894,0.006641867104917765
TEST_0895,0.9928044676780701
TEST_0896,0.000620009726844728
TEST_0897,0.9999756813049316
TEST_0898,0.002158151939511299
TEST_0899,0.003060188377276063
TEST_0900,0.9999285936355591
TEST_0901,0.0027178479358553886
TEST_0902,0.0002955240197479725
TEST_0903,0.9995139837265015
TEST_0904,0.9998836517333984
TEST_0905,0.0086313895881176
TEST_0906,0.9999572038650513
TEST_0907,0.9999561309814453
TEST_0908,0.9999923706054688
TEST_0909,3.9020356780383736e-05
TEST_0910,0.9999728202819824
TEST_0911,0.00035476783523336053
TEST_0912,5.700720430468209e-05
TEST_0913,0.9997579455375671
TEST_0914,0.001304645906202495
TEST_0915,0.00038684357423335314
TEST_0916,0.000630356720648706
TEST_0917,0.9999939203262329
TEST_0918,0.9999902248382568
TEST_0919,0.03752026706933975
TEST_0920,0.2712938189506531
TEST_0921,0.9833848476409912
TEST_0922,0.00042419720557518303
TEST_0923,0.05238083004951477
TEST_0924,0.9996106028556824
TEST_0925,0.008702930994331837
TEST_0926,0.9972456693649292
TEST_0927,0.9998608827590942
TEST_0928,0.004892515949904919
TEST_0929,0.9999831914901733
TEST_0930,0.9999130964279175
TEST_0931,0.9999977350234985
TEST_0932,0.9999966621398926
TEST_0933,0.0047727664932608604
TEST_0934,0.01652161218225956
TEST_0935,0.009005262516438961
TEST_0936,0.0034844970796257257
TEST_0937,0.9999366998672485
TEST_0938,0.9999362230300903
TEST_0939,0.9997568726539612
TEST_0940,0.4103211462497711
TEST_0941,0.9998632669448853
TEST_0942,0.10990969836711884
TEST_0943,0.9993786811828613
TEST_0944,0.9999771118164062
TEST_0945,0.03562479466199875
TEST_0946,0.9999352693557739
TEST_0947,0.9999188184738159
TEST_0948,0.9992302656173706
TEST_0949,0.9985476136207581
TEST_0950,0.9858725070953369
TEST_0951,0.9998372793197632
TEST_0952,0.00048094207886606455
TEST_0953,0.0008271982078440487
TEST_0954,0.0001583542034495622
TEST_0955,0.9698218703269958
TEST_0956,0.999931812286377
TEST_0957,0.0010810177773237228
TEST_0958,0.9999434947967529
TEST_0959,0.9999798536300659
TEST_0960,0.006059784907847643
TEST_0961,0.9972980618476868
TEST_0962,0.009067320264875889
TEST_0963,0.00024949549697339535
TEST_0964,0.9999656677246094
TEST_0965,0.005060749128460884
TEST_0966,0.00025471459957771003
TEST_0967,0.014046195894479752
TEST_0968,0.998069703578949
TEST_0969,0.9997758269309998
TEST_0970,0.9977335929870605
TEST_0971,0.002011388074606657
TEST_0972,0.9999825954437256
TEST_0973,0.9999107122421265
TEST_0974,0.028148526325821877
TEST_0975,0.9998760223388672
TEST_0976,0.0009596527088433504
TEST_0977,0.9999949932098389
TEST_0978,0.9998915195465088
TEST_0979,0.00015177302702795714
TEST_0980,0.9999936819076538
TEST_0981,0.9998986721038818
TEST_0982,0.9999114274978638
TEST_0983,0.0024285840336233377
TEST_0984,0.5025513172149658
TEST_0985,0.0025442359037697315
TEST_0986,0.9999427795410156
TEST_0987,0.0007892098510637879
TEST_0988,0.9999843835830688
TEST_0989,0.9998379945755005
TEST_0990,0.9996788501739502
TEST_0991,0.9999357461929321
TEST_0992,0.00011827889829874039
TEST_0993,0.02733246609568596
TEST_0994,0.00032470133737660944
TEST_0995,0.00035604022559709847
TEST_0996,0.0006387446774169803
TEST_0997,0.9999226331710815
TEST_0998,0.9999725818634033
TEST_0999,0.027055906131863594
TEST_1000,0.9999897480010986
TEST_1001,0.0011536682723090053
TEST_1002,0.0025201989337801933
TEST_1003,0.00381687399931252
TEST_1004,0.9999746084213257
TEST_1005,0.0009166866075247526
TEST_1006,0.009404420852661133
TEST_1007,0.9996029734611511
TEST_1008,0.9999899864196777
TEST_1009,0.9999604225158691
TEST_1010,0.9999988079071045
TEST_1011,0.9999626874923706
TEST_1012,0.9999936819076538
TEST_1013,0.0005681433249264956
TEST_1014,0.9972320199012756
TEST_1015,0.021089740097522736
TEST_1016,0.9999406337738037
TEST_1017,0.999876856803894
TEST_1018,7.263000588864088e-05
TEST_1019,0.009024623781442642
TEST_1020,0.013928215950727463
TEST_1021,0.0002886716683860868
TEST_1022,0.9998962879180908
TEST_1023,0.974980354309082
TEST_1024,0.05430632084608078
TEST_1025,0.05982508510351181
TEST_1026,0.9999895095825195
TEST_1027,0.8828890919685364
TEST_1028,0.9995414018630981
TEST_1029,0.9999191761016846
TEST_1030,0.997312605381012
TEST_1031,0.9999380111694336
TEST_1032,0.9858761429786682
TEST_1033,0.9973383545875549
TEST_1034,0.9999133348464966
TEST_1035,0.9999504089355469
TEST_1036,0.028958110138773918
TEST_1037,0.9999514818191528
TEST_1038,0.9999135732650757
TEST_1039,0.0015722002135589719
TEST_1040,0.9999831914901733
TEST_1041,0.0014785624807700515
TEST_1042,0.9997051358222961
TEST_1043,0.9999798536300659
TEST_1044,0.9999629259109497
TEST_1045,0.9998880624771118
TEST_1046,0.9999285936355591
TEST_1047,0.8890190720558167
TEST_1048,0.9999345541000366
TEST_1049,0.11191338300704956
TEST_1050,0.999832272529602
TEST_1051,0.9998125433921814
TEST_1052,0.9977899789810181
TEST_1053,0.9996525049209595
TEST_1054,0.004888786468654871
TEST_1055,0.0011078357929363847
TEST_1056,0.9955845475196838
TEST_1057,0.000228271062951535
TEST_1058,0.0002525035524740815
TEST_1059,0.9942560791969299
TEST_1060,0.0008139799465425313
TEST_1061,0.010260924696922302
TEST_1062,0.999669075012207
TEST_1063,0.999017596244812
TEST_1064,0.999915361404419
TEST_1065,0.013996734283864498
TEST_1066,0.9999833106994629
TEST_1067,6.898078572703525e-05
TEST_1068,0.7970712184906006
TEST_1069,9.003862942336127e-05
TEST_1070,8.807914127828553e-05
TEST_1071,0.000623897067271173
TEST_1072,0.9980030655860901
TEST_1073,0.9999743700027466
TEST_1074,0.9997333884239197
TEST_1075,0.00020309827232267708
TEST_1076,0.000564507907256484
TEST_1077,0.0004548675788100809
TEST_1078,7.54956781747751e-05
TEST_1079,8.731919660931453e-05
TEST_1080,0.028986237943172455
TEST_1081,0.00010837874287972227
TEST_1082,0.9999707937240601
TEST_1083,0.9998900890350342
TEST_1084,0.9999428987503052
TEST_1085,0.999565064907074
TEST_1086,0.026819856837391853
TEST_1087,0.9999324083328247
TEST_1088,0.9526744484901428
TEST_1089,0.9999983310699463
TEST_1090,0.0999736413359642
TEST_1091,0.9999685287475586
TEST_1092,0.9998631477355957
TEST_1093,0.9119420051574707
TEST_1094,0.9989295601844788
TEST_1095,0.9839543104171753
TEST_1096,0.9999663829803467
TEST_1097,0.9999610185623169
TEST_1098,0.0007864768267609179
TEST_1099,0.9997207522392273
TEST_1100,0.9999964237213135
TEST_1101,0.9674879312515259
TEST_1102,0.999971866607666
TEST_1103,0.0658995732665062
TEST_1104,0.9997298121452332
TEST_1105,0.9682726860046387
TEST_1106,0.9998082518577576
TEST_1107,0.9994946718215942
TEST_1108,0.011164199560880661
TEST_1109,0.9999861717224121
TEST_1110,0.4108673930168152
TEST_1111,0.9980779886245728
TEST_1112,0.0013926366809755564
TEST_1113,0.01796930469572544
TEST_1114,0.018742334097623825
TEST_1115,0.9999353885650635
TEST_1116,0.00022233555500861257
TEST_1117,0.9999638795852661
TEST_1118,0.00012649665586650372
TEST_1119,0.9998688697814941
TEST_1120,0.0019222027622163296
TEST_1121,5.549966954276897e-05
TEST_1122,0.9999451637268066
TEST_1123,0.9998660087585449
TEST_1124,0.00021275017934385687
TEST_1125,0.9999693632125854
TEST_1126,0.0002878968371078372
TEST_1127,0.0012359374668449163
TEST_1128,0.046786293387413025
TEST_1129,0.07750125974416733
TEST_1130,0.0005638008587993681
TEST_1131,0.07885689288377762
TEST_1132,0.017618464305996895
TEST_1133,0.9999264478683472
TEST_1134,0.4066062271595001
TEST_1135,0.9997485280036926
TEST_1136,0.9999712705612183
TEST_1137,0.9999749660491943
TEST_1138,0.9998432397842407
TEST_1139,0.0007202653796412051
TEST_1140,0.9997124075889587
TEST_1141,0.9999697208404541
TEST_1142,0.9999793767929077
TEST_1143,0.001673232764005661
TEST_1144,0.000396356190321967
TEST_1145,0.0020226750057190657
TEST_1146,0.0018625975353643298
TEST_1147,0.00985836610198021
TEST_1148,0.9999572038650513
TEST_1149,0.9995766282081604
TEST_1150,0.0003892767708748579
TEST_1151,0.9998200535774231
TEST_1152,0.00043818133417516947
TEST_1153,0.03350982069969177
TEST_1154,0.9997411370277405
TEST_1155,0.9999686479568481
TEST_1156,0.9997681975364685
TEST_1157,0.9999396800994873
TEST_1158,0.9997580647468567
TEST_1159,0.9999556541442871
TEST_1160,0.002269336022436619
TEST_1161,0.07372947782278061
TEST_1162,0.2082165777683258
TEST_1163,0.008566336706280708
TEST_1164,0.9998482465744019
TEST_1165,0.9999797344207764
TEST_1166,0.9997112154960632
TEST_1167,0.001851033652201295
TEST_1168,0.04895958676934242
TEST_1169,0.9910174608230591
TEST_1170,0.9998058676719666
TEST_1171,0.9999599456787109
TEST_1172,0.0016144203254953027
TEST_1173,0.9998600482940674
TEST_1174,0.006097657140344381
TEST_1175,0.999884843826294
TEST_1176,0.0503179132938385
TEST_1177,0.004609137307852507
TEST_1178,0.9999551773071289
TEST_1179,0.9993677735328674
TEST_1180,0.0017652719980105758
TEST_1181,0.0028435250278562307
TEST_1182,0.9995276927947998
TEST_1183,0.9999364614486694
TEST_1184,0.0330890454351902
TEST_1185,0.9977092742919922
TEST_1186,0.9994513392448425
TEST_1187,0.9999637603759766
TEST_1188,0.013771330937743187
TEST_1189,0.0015982153126969934
TEST_1190,0.00011810071009676903
TEST_1191,4.1061601223191246e-05
TEST_1192,2.9771381377940997e-05
TEST_1193,0.9932178854942322
TEST_1194,6.511088577099144e-05
TEST_1195,0.001447106129489839
TEST_1196,9.765784488990903e-05
TEST_1197,0.011251010000705719
TEST_1198,0.003947436343878508
TEST_1199,0.03315966948866844
TEST_1200,0.9999322891235352
TEST_1201,0.087669737637043
TEST_1202,0.9999454021453857
TEST_1203,0.9999854564666748
TEST_1204,0.0008730822592042387
TEST_1205,0.9999529123306274
TEST_1206,0.00022402363538276404
TEST_1207,0.999140739440918
TEST_1208,0.999953031539917
TEST_1209,0.9989161491394043
TEST_1210,0.009085049852728844
TEST_1211,0.9999805688858032
TEST_1212,0.002055893652141094
TEST_1213,0.0005585957551375031
TEST_1214,0.001427557785063982
TEST_1215,0.9998652935028076
TEST_1216,0.9999592304229736
TEST_1217,0.9919083714485168
TEST_1218,0.9984872341156006
TEST_1219,0.0013953907182440162
TEST_1220,0.0001299367577303201
TEST_1221,0.9999567270278931
TEST_1222,0.9688277840614319
TEST_1223,0.004719188902527094
TEST_1224,0.999396562576294
TEST_1225,0.0010414747521281242
TEST_1226,0.9974799752235413
TEST_1227,0.9999140501022339
TEST_1228,0.00014735489094164222
TEST_1229,0.9999743700027466
TEST_1230,0.9998754262924194
TEST_1231,0.999955415725708
TEST_1232,0.00015593893476761878
TEST_1233,0.004207391757518053
TEST_1234,0.9992792010307312
TEST_1235,0.006556622684001923
TEST_1236,0.9969373941421509
TEST_1237,0.9996838569641113
TEST_1238,0.003887931816279888
TEST_1239,0.025467965751886368
TEST_1240,0.9999161958694458
TEST_1241,0.00018774282943923026
TEST_1242,0.0013891806593164802
TEST_1243,0.999942421913147
TEST_1244,0.9998577833175659
TEST_1245,0.9998570680618286
TEST_1246,0.9998146891593933
TEST_1247,0.008459030650556087
TEST_1248,0.00028738350374624133
TEST_1249,0.0006627277471125126
TEST_1250,0.0011174866231158376
TEST_1251,0.0026709611993283033
TEST_1252,0.0002440200769342482
TEST_1253,0.9999886751174927
TEST_1254,0.9999959468841553
TEST_1255,0.00017438080976717174
TEST_1256,0.999783456325531
TEST_1257,0.41231727600097656
TEST_1258,0.0847427248954773
TEST_1259,0.0031321325805038214
TEST_1260,0.03955366834998131
TEST_1261,0.028652869164943695
TEST_1262,0.9896494150161743
TEST_1263,0.0011180683504790068
TEST_1264,0.0008612883393652737
TEST_1265,0.0013982035452499986
TEST_1266,0.9957096576690674
TEST_1267,0.9997381567955017
TEST_1268,0.9967625141143799
TEST_1269,0.0023135473020374775
TEST_1270,0.0034709509927779436
TEST_1271,0.9995555281639099
TEST_1272,0.060737233608961105
TEST_1273,0.9972376823425293
TEST_1274,0.05428040027618408
TEST_1275,0.9980528354644775
TEST_1276,0.9994683861732483
TEST_1277,0.017541782930493355
TEST_1278,0.008948969654738903
TEST_1279,0.10098307579755783
TEST_1280,0.0004851674020756036
TEST_1281,0.004400125704705715
TEST_1282,0.03671896830201149
TEST_1283,0.9998894929885864
TEST_1284,0.9996635913848877
TEST_1285,0.9999732971191406
TEST_1286,0.0015589094255119562
TEST_1287,0.9697383046150208
TEST_1288,0.04065900668501854
TEST_1289,0.9999240636825562
TEST_1290,0.9935694932937622
TEST_1291,0.9992420673370361
TEST_1292,0.9997517466545105
TEST_1293,0.034486934542655945
TEST_1294,0.23481735587120056
TEST_1295,0.032408446073532104
TEST_1296,0.001415998674929142
TEST_1297,0.028040146455168724
TEST_1298,0.0017618363490328193
TEST_1299,0.08573461323976517
TEST_1300,0.050535134971141815
TEST_1301,0.9999741315841675
TEST_1302,0.9993532299995422
TEST_1303,0.99996018409729
TEST_1304,0.9999426603317261
TEST_1305,0.9998500347137451
TEST_1306,0.002327419351786375
TEST_1307,0.9988879561424255
TEST_1308,0.9971824884414673
TEST_1309,0.03556818887591362
TEST_1310,0.9959854483604431
TEST_1311,0.9952569603919983
TEST_1312,0.019008280709385872
TEST_1313,0.9997158646583557
TEST_1314,0.0013690060004591942
TEST_1315,0.9999629259109497
TEST_1316,0.09212418645620346
TEST_1317,0.9993342757225037
TEST_1318,0.9995829463005066
TEST_1319,0.999954104423523
TEST_1320,0.03353232517838478
TEST_1321,0.9999943971633911
TEST_1322,0.06823332607746124
TEST_1323,0.9999070167541504
TEST_1324,0.9997434020042419
TEST_1325,0.9999710321426392
TEST_1326,0.9998455047607422
TEST_1327,0.9998574256896973
TEST_1328,0.0035289323423057795
TEST_1329,0.017624903470277786
TEST_1330,0.0005978445988148451
TEST_1331,0.9999963045120239
TEST_1332,0.9999748468399048
TEST_1333,0.0012828386388719082
TEST_1334,0.012250988744199276
TEST_1335,0.9984878301620483
TEST_1336,0.000663624843582511
TEST_1337,0.9999340772628784
TEST_1338,0.003410935401916504
TEST_1339,0.9999854564666748
TEST_1340,0.001483210944570601
TEST_1341,0.995154857635498
TEST_1342,0.9999966621398926
TEST_1343,0.00901923980563879
TEST_1344,0.9972321391105652
TEST_1345,0.9999710321426392
TEST_1346,0.0009997306624427438
TEST_1347,0.9998846054077148
TEST_1348,0.9996912479400635
TEST_1349,0.0021571305114775896
TEST_1350,0.00010667079186532646
TEST_1351,0.2376963347196579
TEST_1352,0.9997591376304626
TEST_1353,8.748130494495854e-05
TEST_1354,0.9999383687973022
TEST_1355,0.9945629239082336
TEST_1356,0.9998615980148315
TEST_1357,0.05012240633368492
TEST_1358,0.9999977350234985
TEST_1359,0.9983924031257629
TEST_1360,0.9999358654022217
TEST_1361,0.999904990196228
TEST_1362,0.9999876022338867
TEST_1363,0.9999959468841553
TEST_1364,0.9911779761314392
TEST_1365,0.999809205532074
TEST_1366,0.9997106194496155
TEST_1367,0.008197647519409657
TEST_1368,0.00019694058573804796
TEST_1369,0.00019791643717326224
TEST_1370,0.999067485332489
TEST_1371,0.8482276201248169
TEST_1372,0.9999164342880249
TEST_1373,0.9996135830879211
TEST_1374,0.9999740123748779
TEST_1375,0.9999328851699829
TEST_1376,0.015103238634765148
TEST_1377,0.9998095631599426
TEST_1378,0.0027155072893947363
TEST_1379,0.9969149827957153
TEST_1380,0.9984663724899292
TEST_1381,0.9998832941055298
TEST_1382,0.9662404656410217
TEST_1383,0.9991306662559509
TEST_1384,0.07925516366958618
TEST_1385,0.028329923748970032
TEST_1386,0.00027529773069545627
TEST_1387,0.987269401550293
TEST_1388,0.998711347579956
TEST_1389,0.9999943971633911
TEST_1390,0.19808094203472137
TEST_1391,0.999987006187439
TEST_1392,0.001496713375672698
TEST_1393,0.9995156526565552
TEST_1394,0.9999829530715942
TEST_1395,0.9998140931129456
TEST_1396,0.0010583203984424472
TEST_1397,0.005499879829585552
TEST_1398,0.9956480860710144
TEST_1399,0.9996603727340698
TEST_1400,0.00023469681036658585
TEST_1401,0.0006830966449342668
TEST_1402,0.9982233643531799
TEST_1403,0.9997527003288269
TEST_1404,0.001414563274011016
TEST_1405,0.9998577833175659
TEST_1406,0.9999366998672485
TEST_1407,0.9995771050453186
TEST_1408,0.13442105054855347
TEST_1409,0.9994926452636719
TEST_1410,0.0007779147126711905
TEST_1411,0.010456456802785397
TEST_1412,0.7229869365692139
TEST_1413,0.03818518668413162
TEST_1414,0.9986318945884705
TEST_1415,0.9998502731323242
TEST_1416,0.0026975704822689295
TEST_1417,5.461672117235139e-05
TEST_1418,5.0855767767643556e-05
TEST_1419,0.9702004194259644
TEST_1420,0.0005050248000770807
TEST_1421,0.0001132022007368505
TEST_1422,0.0017565288580954075
TEST_1423,6.134470459073782e-05
TEST_1424,0.9999488592147827
TEST_1425,0.012473495677113533
TEST_1426,0.00010970005678245798
TEST_1427,0.9999147653579712
TEST_1428,0.048331182450056076
TEST_1429,0.0019016448641195893
TEST_1430,0.002987584564834833
TEST_1431,0.007369515020400286
TEST_1432,0.04965781792998314
TEST_1433,0.011497045867145061
TEST_1434,0.06347186863422394
TEST_1435,0.027450067922472954
TEST_1436,0.9520184993743896
TEST_1437,0.17707334458827972
TEST_1438,0.9999414682388306
TEST_1439,0.009927256032824516
TEST_1440,0.9975148439407349
TEST_1441,0.9980244636535645
TEST_1442,0.022859616205096245
TEST_1443,0.9990586638450623
TEST_1444,0.007102052215486765
TEST_1445,0.9994062185287476
TEST_1446,0.9979588985443115
TEST_1447,0.9999890327453613
TEST_1448,0.9989577531814575
TEST_1449,0.06350388377904892
TEST_1450,0.0021888711489737034
TEST_1451,0.009981058537960052
TEST_1452,0.00199573440477252
TEST_1453,0.9817723035812378
TEST_1454,0.999756395816803
TEST_1455,0.0014365961542353034
TEST_1456,0.9938474297523499
TEST_1457,0.0018600806361064315
TEST_1458,0.004072721116244793
TEST_1459,0.9998164772987366
TEST_1460,0.9998354911804199
TEST_1461,0.9998679161071777
TEST_1462,0.9995251893997192
TEST_1463,0.9958505630493164
TEST_1464,0.0001773865515133366
TEST_1465,0.999432384967804
TEST_1466,0.999864935874939
TEST_1467,0.001910134218633175
TEST_1468,0.03339800611138344
TEST_1469,0.00039772081072442234
TEST_1470,0.06374602764844894
TEST_1471,0.9997971653938293
TEST_1472,0.03833271190524101
TEST_1473,0.9932053089141846
TEST_1474,0.004255607258528471
TEST_1475,0.01757447049021721
TEST_1476,0.9973726272583008
TEST_1477,0.19377265870571136
TEST_1478,0.9955537915229797
TEST_1479,0.05587642267346382
TEST_1480,0.9998588562011719
TEST_1481,0.9937973618507385
TEST_1482,0.7340672016143799
TEST_1483,0.9998956918716431
TEST_1484,0.9988025426864624
TEST_1485,0.07682423293590546
TEST_1486,0.024898378178477287
TEST_1487,0.00021218314941506833
TEST_1488,0.00032803401700221
TEST_1489,0.027696486562490463
TEST_1490,0.9999706745147705
TEST_1491,0.999840497970581
TEST_1492,0.019413519650697708
TEST_1493,0.9997056126594543
TEST_1494,0.9992700219154358
TEST_1495,0.0017647367203608155
TEST_1496,0.9799479246139526
TEST_1497,0.9730278253555298
TEST_1498,0.00011394089960958809
TEST_1499,0.0015508661745116115
TEST_1500,0.03567831963300705
TEST_1501,0.9993606209754944
TEST_1502,0.17182207107543945
TEST_1503,0.05383613705635071
TEST_1504,0.9996546506881714
TEST_1505,0.11882562190294266
TEST_1506,0.6664802432060242
TEST_1507,0.004074229393154383
TEST_1508,0.9999943971633911
TEST_1509,0.0010990649461746216
TEST_1510,0.9998918771743774
TEST_1511,0.048813048750162125
TEST_1512,0.017375631257891655
TEST_1513,0.9987521171569824
TEST_1514,0.0001797773875296116
TEST_1515,0.07347241044044495
TEST_1516,0.29947054386138916
TEST_1517,0.0007407392840832472
TEST_1518,4.6960449253674597e-05
TEST_1519,0.6174941658973694
TEST_1520,0.007891730405390263
TEST_1521,0.0005702189519070089
TEST_1522,0.0019512510625645518
TEST_1523,0.004363770131021738
TEST_1524,0.0013257021782919765
TEST_1525,0.05906523019075394
TEST_1526,0.001388900331221521
TEST_1527,0.9991133809089661
TEST_1528,0.0053389593958854675
TEST_1529,0.0024611332919448614
TEST_1530,0.9981552958488464
TEST_1531,0.5916395783424377
TEST_1532,0.9999046325683594
TEST_1533,0.03742080181837082
TEST_1534,0.002389477100223303
TEST_1535,0.002132641151547432
TEST_1536,0.9866048693656921
TEST_1537,0.999921441078186
TEST_1538,0.004274220671504736
TEST_1539,0.0036606721114367247
TEST_1540,0.0545666478574276
TEST_1541,0.004232499748468399
TEST_1542,0.9999383687973022
TEST_1543,0.0011139101115986705
TEST_1544,0.00023574079386889935
TEST_1545,0.00024459496489726007
TEST_1546,0.006689365021884441
TEST_1547,0.0002716511662583798
TEST_1548,0.0001718688872642815
TEST_1549,0.9999464750289917
TEST_1550,0.997786283493042
TEST_1551,0.003646352095529437
TEST_1552,0.00019182910909876227
TEST_1553,0.9861350655555725
TEST_1554,0.998127281665802
TEST_1555,0.0007553905597887933
TEST_1556,0.018025100231170654
TEST_1557,0.9996733665466309
TEST_1558,0.0007059641648083925
TEST_1559,0.0007359665469266474
TEST_1560,0.9949787259101868
TEST_1561,0.9997953772544861
TEST_1562,0.014832422137260437
TEST_1563,0.000188953970791772
TEST_1564,0.005268643144518137
TEST_1565,0.002720881486311555
TEST_1566,0.0004599499807227403
TEST_1567,0.999086856842041
TEST_1568,0.07922785729169846
TEST_1569,0.9995272159576416
TEST_1570,0.6994977593421936
TEST_1571,0.0005696523585356772
TEST_1572,0.9999634027481079
TEST_1573,0.9999778270721436
TEST_1574,0.0005198989529162645
TEST_1575,8.468270971206948e-05
TEST_1576,0.0005676783039234579
TEST_1577,0.08522827923297882
TEST_1578,0.9963842630386353
TEST_1579,0.03973737359046936
TEST_1580,0.9897903800010681
TEST_1581,0.00017139740521088243
TEST_1582,0.021479951217770576
TEST_1583,0.06207577511668205
TEST_1584,0.003220755374059081
TEST_1585,0.014544611796736717
TEST_1586,0.9995057582855225
TEST_1587,0.9991058707237244
TEST_1588,0.007652356289327145
TEST_1589,0.9998247027397156
TEST_1590,0.0012519217561930418
TEST_1591,0.9114004373550415
TEST_1592,0.9987585544586182
TEST_1593,0.0004037822363898158
TEST_1594,0.0536823533475399
TEST_1595,0.9994217157363892
TEST_1596,0.9980918765068054
TEST_1597,0.9999715089797974
TEST_1598,0.04476093128323555
TEST_1599,0.098530612885952
TEST_1600,0.9996354579925537
TEST_1601,0.99985671043396
TEST_1602,0.9961001873016357
TEST_1603,0.9997560381889343
TEST_1604,0.9999395608901978
TEST_1605,6.736200884915888e-05
TEST_1606,9.277167555410415e-05
TEST_1607,0.999964714050293
TEST_1608,0.9992958307266235
TEST_1609,0.9990004897117615
TEST_1610,0.0005663068150170147
TEST_1611,0.6985700726509094
TEST_1612,0.0016027700621634722
TEST_1613,0.034075476229190826
TEST_1614,0.016606472432613373
TEST_1615,0.9906483292579651
TEST_1616,0.9999152421951294
TEST_1617,0.33496150374412537
TEST_1618,0.029927462339401245
TEST_1619,0.9996813535690308
TEST_1620,0.9970163106918335
TEST_1621,0.9774326086044312
TEST_1622,0.9999722242355347
TEST_1623,0.9914131164550781
TEST_1624,0.043904565274715424
TEST_1625,0.7765260934829712
TEST_1626,0.04511745646595955
TEST_1627,0.0027542859315872192
TEST_1628,0.9998109936714172
TEST_1629,0.9997376799583435
TEST_1630,0.8918453454971313
TEST_1631,0.24747642874717712
TEST_1632,0.00156662636436522
TEST_1633,0.019063903018832207
TEST_1634,0.0014475486241281033
TEST_1635,0.9987331032752991
TEST_1636,0.0016224231803789735
TEST_1637,0.01571965217590332
TEST_1638,0.050140637904405594
TEST_1639,0.032807473093271255
TEST_1640,0.998769223690033
TEST_1641,0.99937504529953
TEST_1642,0.0005816557677462697
TEST_1643,0.6426894664764404
TEST_1644,0.9998661279678345
TEST_1645,0.006122029386460781
TEST_1646,0.031207092106342316
TEST_1647,0.9860267639160156
TEST_1648,0.9992371797561646
TEST_1649,0.9966493248939514
TEST_1650,0.9970570802688599
TEST_1651,0.0947127714753151
TEST_1652,0.9985023736953735
TEST_1653,0.011538919992744923
TEST_1654,0.00047873493167571723
TEST_1655,0.00014646199997514486
TEST_1656,0.04373545199632645
TEST_1657,0.9977704286575317
TEST_1658,0.02310444414615631
TEST_1659,0.00011253652337472886
TEST_1660,0.9995890259742737
TEST_1661,0.9998266100883484
TEST_1662,0.05071844905614853
TEST_1663,0.9999561309814453
TEST_1664,0.9976782202720642
TEST_1665,0.9980303645133972
TEST_1666,0.00016759568825364113
TEST_1667,0.03858530893921852
TEST_1668,0.9973084926605225
TEST_1669,0.9998125433921814
TEST_1670,0.9974633455276489
TEST_1671,0.9999967813491821
TEST_1672,0.9998841285705566
TEST_1673,0.996404767036438
TEST_1674,0.9993632435798645
TEST_1675,0.999893069267273
TEST_1676,0.9999679327011108
TEST_1677,0.9994144439697266
TEST_1678,0.9998878240585327
TEST_1679,0.8940661549568176
TEST_1680,0.1463695615530014
TEST_1681,0.01265663467347622
TEST_1682,0.0002956564712803811
TEST_1683,0.9993929862976074
TEST_1684,0.9992318153381348
TEST_1685,0.9999805688858032
TEST_1686,0.9999797344207764
TEST_1687,0.0002999819116666913
TEST_1688,0.9976972937583923
TEST_1689,0.9996912479400635
TEST_1690,0.9996747970581055
TEST_1691,0.9899570345878601
TEST_1692,0.011176292784512043
TEST_1693,0.9907969236373901
TEST_1694,0.0034289031755179167
TEST_1695,0.9798521399497986
TEST_1696,0.9933795928955078
TEST_1697,0.9983331561088562
TEST_1698,0.9999836683273315
TEST_1699,0.24558980762958527
TEST_1700,0.09151005744934082
TEST_1701,0.9974362254142761
TEST_1702,0.0013939541531726718
TEST_1703,0.9996570348739624
TEST_1704,0.01125660166144371
TEST_1705,4.2880448745563626e-05
TEST_1706,0.08747239410877228
TEST_1707,0.00048624706687405705
TEST_1708,0.003838254837319255
TEST_1709,0.0343523807823658
TEST_1710,0.9999611377716064
TEST_1711,0.04574818164110184
TEST_1712,0.999994158744812
TEST_1713,0.9999591112136841
TEST_1714,0.9999955892562866
TEST_1715,0.002700522541999817
TEST_1716,0.9999010562896729
TEST_1717,0.0011173365637660027
TEST_1718,0.00028475705767050385
TEST_1719,0.025130877271294594
TEST_1720,0.01068019587546587
TEST_1721,0.002815124113112688
TEST_1722,0.06646257638931274
TEST_1723,0.4982510209083557
TEST_1724,0.0009474660619162023
TEST_1725,0.0024642259813845158
TEST_1726,0.000296072568744421
TEST_1727,0.0011796873295679688
TEST_1728,9.175943705486134e-05
TEST_1729,0.9998644590377808
TEST_1730,0.9984850287437439
TEST_1731,0.00037739318213425577
TEST_1732,0.0006576013984158635
TEST_1733,0.999500036239624
TEST_1734,0.9998490810394287
TEST_1735,0.03280067816376686
TEST_1736,0.9984618425369263
TEST_1737,0.9999953508377075
TEST_1738,0.999755322933197
TEST_1739,0.06906843930482864
TEST_1740,0.9999774694442749
TEST_1741,0.9999963045120239
TEST_1742,0.9999868869781494
TEST_1743,0.9998170733451843
TEST_1744,0.9999674558639526
TEST_1745,0.9999773502349854
TEST_1746,0.011713902465999126
TEST_1747,0.006607068236917257
TEST_1748,0.9921385645866394
TEST_1749,0.06673303991556168
TEST_1750,0.9994798302650452
TEST_1751,0.025706393644213676
TEST_1752,0.008064046502113342
TEST_1753,0.9999697208404541
TEST_1754,0.9999954700469971
TEST_1755,0.00012121861800551414
TEST_1756,0.9918406009674072
TEST_1757,0.9999732971191406
TEST_1758,0.9989882111549377
TEST_1759,0.001582203432917595
TEST_1760,0.999923586845398
TEST_1761,0.08686662465333939
TEST_1762,0.004641819279640913
TEST_1763,0.006003732327371836
TEST_1764,0.9989100694656372
TEST_1765,0.9669584035873413
TEST_1766,0.9999700784683228
TEST_1767,0.03022552654147148
TEST_1768,0.9990426898002625
TEST_1769,0.030163142830133438
TEST_1770,0.9997071623802185
TEST_1771,0.049434904009103775
TEST_1772,0.9999152421951294
TEST_1773,0.05156167596578598
TEST_1774,0.00013449849211610854
TEST_1775,0.9775516390800476
TEST_1776,0.0028390747029334307
TEST_1777,0.9996286630630493
TEST_1778,0.05087035894393921
TEST_1779,0.1594933122396469
TEST_1780,0.9983495473861694
TEST_1781,0.9999566078186035
TEST_1782,0.0009932781103998423
TEST_1783,0.00017008099530357867
TEST_1784,0.00013590020535048097
TEST_1785,0.9999740123748779
TEST_1786,0.004706960171461105
TEST_1787,0.09601845592260361
TEST_1788,0.9999088048934937
TEST_1789,0.008417991921305656
TEST_1790,0.0012028064811602235
TEST_1791,0.9953035116195679
TEST_1792,0.9998231530189514
TEST_1793,0.06745731085538864
TEST_1794,0.9999704360961914
TEST_1795,0.9938308000564575
TEST_1796,0.0009502844186499715
TEST_1797,0.0007411236874759197
TEST_1798,0.8217806816101074
TEST_1799,0.9705457091331482
TEST_1800,0.9967972636222839
TEST_1801,0.00885950680822134
TEST_1802,0.0014222587924450636
TEST_1803,0.9997965693473816
TEST_1804,0.00048112336662597954
TEST_1805,0.9879058599472046
TEST_1806,0.10115575790405273
TEST_1807,0.9999806880950928
TEST_1808,0.0006074028788134456
TEST_1809,0.9877244234085083
TEST_1810,0.006284658331423998
TEST_1811,0.6956820487976074
TEST_1812,0.9993601441383362
TEST_1813,0.029853392392396927
TEST_1814,0.013204232789576054
TEST_1815,0.9995006322860718
TEST_1816,0.0009770795004442334
TEST_1817,0.9989039897918701
TEST_1818,0.9579232931137085
TEST_1819,0.0003223372623324394
TEST_1820,0.9996614456176758
TEST_1821,0.0008729388355277479
TEST_1822,0.0014519405085593462
TEST_1823,0.17608964443206787
TEST_1824,0.001782613922841847
TEST_1825,0.9999068975448608
TEST_1826,0.02480018325150013
TEST_1827,0.00031523549114353955
TEST_1828,0.9997351765632629
TEST_1829,0.0014341350179165602
TEST_1830,0.01266086008399725
TEST_1831,0.981393575668335
TEST_1832,0.9999672174453735
TEST_1833,0.03510509431362152
TEST_1834,0.9243894815444946
TEST_1835,0.9981367588043213
TEST_1836,0.9981034994125366
TEST_1837,0.9993681311607361
TEST_1838,0.00295191234908998
TEST_1839,0.0035288839135318995
TEST_1840,0.9989368319511414
TEST_1841,0.014130868948996067
TEST_1842,0.9999439716339111
TEST_1843,0.024386409670114517
TEST_1844,0.022341342642903328
TEST_1845,0.9992833733558655
TEST_1846,0.020386885851621628
TEST_1847,0.002608318580314517
TEST_1848,0.9989664554595947
TEST_1849,0.9878750443458557
TEST_1850,0.1606266349554062
TEST_1851,0.9999916553497314
TEST_1852,0.03879080340266228
TEST_1853,0.18954259157180786
TEST_1854,0.9829800128936768
TEST_1855,0.9994351267814636
TEST_1856,0.9998714923858643
TEST_1857,0.9999657869338989
TEST_1858,0.009488724172115326
TEST_1859,0.004424005281180143
TEST_1860,0.04463483393192291
TEST_1861,0.9997499585151672
TEST_1862,0.0175151526927948
TEST_1863,0.03237659111618996
TEST_1864,0.004672148730605841
TEST_1865,0.0002649475063662976
TEST_1866,0.9997673630714417
TEST_1867,0.9987730383872986
TEST_1868,0.0004591113538481295
TEST_1869,0.9999170303344727
TEST_1870,0.0012964863562956452
TEST_1871,0.9995856881141663
TEST_1872,0.052492137998342514
TEST_1873,0.995636522769928
TEST_1874,0.9999591112136841
TEST_1875,0.9999871253967285
TEST_1876,0.999848484992981
TEST_1877,0.9997652173042297
TEST_1878,0.0026948663871735334
TEST_1879,0.9874616265296936
TEST_1880,0.000957615440711379
TEST_1881,0.048519592732191086
TEST_1882,0.9995038509368896
TEST_1883,0.9993973970413208
TEST_1884,0.9999251365661621
TEST_1885,0.0038349307142198086
TEST_1886,0.9921069145202637
TEST_1887,0.9998886585235596
TEST_1888,0.9994138479232788
TEST_1889,0.999862551689148
TEST_1890,0.9999649524688721
TEST_1891,0.9866565465927124
TEST_1892,0.9935052394866943
TEST_1893,0.9998180270195007
TEST_1894,0.9999970197677612
TEST_1895,0.004211570136249065
TEST_1896,0.9998427629470825
TEST_1897,0.9999771118164062
TEST_1898,0.9999668598175049
TEST_1899,0.9940217137336731
TEST_1900,0.9997385144233704
TEST_1901,0.9924485683441162
TEST_1902,0.0020470230374485254
TEST_1903,0.9992536902427673
TEST_1904,0.999667763710022
TEST_1905,0.9959502220153809
TEST_1906,0.9999916553497314
TEST_1907,0.9999938011169434
TEST_1908,0.9989792704582214
TEST_1909,0.9998619556427002
TEST_1910,0.09298232942819595
TEST_1911,0.9998292922973633
TEST_1912,0.9993922710418701
TEST_1913,0.999721348285675
TEST_1914,0.10998152941465378
TEST_1915,0.09777004271745682
TEST_1916,0.9999008178710938
TEST_1917,0.999992847442627
TEST_1918,0.9999727010726929
TEST_1919,0.9999972581863403
TEST_1920,0.9806442260742188
TEST_1921,0.9999969005584717
TEST_1922,0.9998315572738647
TEST_1923,0.9922770261764526
TEST_1924,0.9999516010284424
TEST_1925,0.006137274671345949
TEST_1926,0.9969898462295532
TEST_1927,0.9999850988388062
TEST_1928,0.9999946355819702
TEST_1929,0.9999243021011353
TEST_1930,0.9977490305900574
TEST_1931,0.9937009811401367
TEST_1932,0.0336737185716629
TEST_1933,0.0004204385040793568
TEST_1934,0.0015305279521271586
TEST_1935,0.0037120215129107237
TEST_1936,0.0009309288579970598
TEST_1937,0.11667320877313614
TEST_1938,0.9999943971633911
TEST_1939,0.019145285710692406
TEST_1940,0.9999985694885254
TEST_1941,0.9999958276748657
TEST_1942,0.006085575558245182
TEST_1943,0.9995096921920776
TEST_1944,0.9999198913574219
TEST_1945,0.9992602467536926
TEST_1946,0.5418859720230103
TEST_1947,0.0022001706529408693
TEST_1948,0.0003401197027415037
TEST_1949,0.000253324891673401
TEST_1950,0.9999785423278809
TEST_1951,0.9613248109817505
TEST_1952,0.004575890023261309
TEST_1953,0.9957834482192993
TEST_1954,0.7805761098861694
TEST_1955,0.9998866319656372
TEST_1956,0.0012508491054177284
TEST_1957,0.9998843669891357
TEST_1958,0.999944806098938
TEST_1959,0.004181112162768841
TEST_1960,0.0004538806970231235
TEST_1961,0.0012610112316906452
